city,district,year,length_m
台北市,中山區,1992.0,420.0
台北市,中山區,1993.0,2583.0
台北市,中山區,1994.0,5415.0
台北市,中山區,1995.0,5298.0
台北市,中山區,1996.0,226637.0
台北市,中山區,1997.0,220189.0
台北市,中山區,1998.0,219649.0
台北市,中山區,1999.0,5188.0
台北市,中正區,1991.0,150.0
台北市,中正區,1993.0,530.0
台北市,中正區,1994.0,2488.0
台北市,中正區,1995.0,183581.0
台北市,中正區,1996.0,207973.0
台北市,中正區,1997.0,2457.0
台北市,中正區,1998.0,25711.0
台北市,中正區,1999.0,35675.0
台北市,信義區,1995.0,7954.0
台北市,信義區,1996.0,50735.0
台北市,信義區,1997.0,8381.0
台北市,信義區,1998.0,75647.0
台北市,信義區,1999.0,1064.0
台北市,內湖區,1995.0,5960.0
台北市,內湖區,1997.0,95.0
台北市,內湖區,1999.0,24796.0
台北市,北投區,1995.0,133.0
台北市,北投區,1996.0,15645.0
台北市,北投區,1997.0,1616.0
台北市,北投區,1998.0,7428.0
台北市,北投區,1999.0,8512.0
台北市,南港區,1995.0,334.0
台北市,南港區,1996.0,3002.0
台北市,南港區,1997.0,23166.0
台北市,南港區,1998.0,4528.0
台北市,南港區,1999.0,39666.0
台北市,士林區,1993.0,423.0
台北市,士林區,1994.0,1188.0
台北市,士林區,1995.0,5846.0
台北市,士林區,1996.0,10220.0
台北市,士林區,1997.0,22924.0
台北市,士林區,1998.0,16968.0
台北市,大同區,1993.0,2102.0
台北市,大同區,1994.0,7078.0
台北市,大同區,1995.0,3096.0
台北市,大同區,1996.0,165400.0
台北市,大同區,1997.0,36839.0
台北市,大同區,1998.0,196636.0
台北市,大同區,1999.0,1880.0
台北市,大安區,1992.0,255.0
台北市,大安區,1994.0,1155.0
台北市,大安區,1995.0,2529.0
台北市,大安區,1996.0,168388.0
台北市,大安區,1997.0,194106.0
台北市,大安區,1998.0,66230.0
台北市,大安區,1999.0,18040.0
台北市,文山區,1995.0,280.0
台北市,文山區,1996.0,4920.0
台北市,文山區,1998.0,147620.0
台北市,文山區,1999.0,2463.0
台北市,松山區,1991.0,100.0
台北市,松山區,1993.0,9000.0
台北市,松山區,1996.0,96849.0
台北市,松山區,1997.0,5970.0
台北市,松山區,1998.0,44579.0
台北市,松山區,1999.0,137948.0
台北市,萬華區,1993.0,694.0
台北市,萬華區,1994.0,396.0
台北市,萬華區,1995.0,15633.0
台北市,萬華區,1996.0,89698.0
台北市,萬華區,1997.0,605875.0
台北市,萬華區,1998.0,38301.0
台北市,萬華區,1999.0,154344.0
新北市,三峽區,2010.0,0.0
新北市,三峽區,2011.0,0.0
新北市,三峽區,2012.0,0.0
新北市,三峽區,2013.0,0.0
新北市,三峽區,2014.0,0.0
新北市,三峽區,2015.0,0.0
新北市,三峽區,2016.0,0.0
新北市,三峽區,2017.0,1187.17
新北市,三峽區,2018.0,0.0
新北市,三峽區,2019.0,98.79
新北市,三峽區,2020.0,0.0
新北市,三峽區,2021.0,0.0
新北市,三峽區,2022.0,0.0
新北市,三峽區,2023.0,0.0
新北市,三峽區,2024.0,0.0
新北市,三重區,2010.0,0.0
新北市,三重區,2011.0,0.0
新北市,三重區,2012.0,1015.0
新北市,三重區,2013.0,4684.0
新北市,三重區,2014.0,696.0
新北市,三重區,2015.0,2378.0
新北市,三重區,2016.0,724.0
新北市,三重區,2017.0,1476.02
新北市,三重區,2018.0,832.73
新北市,三重區,2019.0,218.01
新北市,三重區,2020.0,14.89
新北市,三重區,2021.0,9.07
新北市,三重區,2022.0,0.0
新北市,三重區,2023.0,52.43
新北市,三重區,2024.0,0.0
新北市,中和區,2010.0,0.0
新北市,中和區,2011.0,1241.0
新北市,中和區,2012.0,617.0
新北市,中和區,2013.0,5531.0
新北市,中和區,2014.0,2892.0
新北市,中和區,2015.0,2871.0
新北市,中和區,2016.0,2547.0
新北市,中和區,2017.0,3235.55
新北市,中和區,2018.0,2231.01
新北市,中和區,2019.0,375.13
新北市,中和區,2020.0,189.89
新北市,中和區,2021.0,170.64000000000001
新北市,中和區,2022.0,220.41000000000003
新北市,中和區,2023.0,307.26000000000005
新北市,中和區,2024.0,73.87
新北市,五股區,2010.0,0.0
新北市,五股區,2011.0,0.0
新北市,五股區,2012.0,0.0
新北市,五股區,2013.0,0.0
新北市,五股區,2014.0,0.0
新北市,五股區,2015.0,500.0
新北市,五股區,2016.0,0.0
新北市,五股區,2017.0,752.51
新北市,五股區,2018.0,0.0
新北市,五股區,2019.0,57.58
新北市,五股區,2020.0,0.0
新北市,五股區,2021.0,0.0
新北市,五股區,2022.0,0.0
新北市,五股區,2023.0,0.0
新北市,五股區,2024.0,0.0
新北市,八里區,2010.0,0.0
新北市,八里區,2011.0,0.0
新北市,八里區,2012.0,0.0
新北市,八里區,2013.0,0.0
新北市,八里區,2014.0,0.0
新北市,八里區,2015.0,0.0
新北市,八里區,2016.0,0.0
新北市,八里區,2017.0,21.37
新北市,八里區,2018.0,209.51
新北市,八里區,2019.0,0.0
新北市,八里區,2020.0,0.0
新北市,八里區,2021.0,0.0
新北市,八里區,2022.0,0.0
新北市,八里區,2023.0,0.0
新北市,八里區,2024.0,0.0
新北市,土城區,2010.0,0.0
新北市,土城區,2011.0,0.0
新北市,土城區,2012.0,2296.0
新北市,土城區,2013.0,1465.0
新北市,土城區,2014.0,2089.0
新北市,土城區,2015.0,3072.0
新北市,土城區,2016.0,135.0
新北市,土城區,2017.0,459.4
新北市,土城區,2018.0,56.4
新北市,土城區,2019.0,528.1899999999999
新北市,土城區,2020.0,140.63
新北市,土城區,2021.0,0.0
新北市,土城區,2022.0,4.4
新北市,土城區,2023.0,31.44
新北市,土城區,2024.0,106.50999999999999
新北市,新店區,2010.0,0.0
新北市,新店區,2011.0,3749.0
新北市,新店區,2012.0,1459.0
新北市,新店區,2013.0,2341.0
新北市,新店區,2014.0,41.0
新北市,新店區,2015.0,258.0
新北市,新店區,2016.0,1401.0
新北市,新店區,2017.0,1002.36
新北市,新店區,2018.0,0.0
新北市,新店區,2019.0,30.3
新北市,新店區,2020.0,1243.14
新北市,新店區,2021.0,247.27
新北市,新店區,2022.0,159.4
新北市,新店區,2023.0,40.47
新北市,新店區,2024.0,80.83
新北市,新莊區,2010.0,0.0
新北市,新莊區,2011.0,901.0
新北市,新莊區,2012.0,1400.0
新北市,新莊區,2013.0,5267.0
新北市,新莊區,2014.0,3380.0
新北市,新莊區,2015.0,2978.0
新北市,新莊區,2016.0,2066.0
新北市,新莊區,2017.0,1232.43
新北市,新莊區,2018.0,497.71
新北市,新莊區,2019.0,469.1
新北市,新莊區,2020.0,37.62
新北市,新莊區,2021.0,32.099999999999994
新北市,新莊區,2022.0,85.92
新北市,新莊區,2023.0,265.26
新北市,新莊區,2024.0,249.17000000000002
新北市,板橋區,2010.0,3063.0
新北市,板橋區,2011.0,0.0
新北市,板橋區,2012.0,1176.0
新北市,板橋區,2013.0,4423.0
新北市,板橋區,2014.0,5160.0
新北市,板橋區,2015.0,2564.0
新北市,板橋區,2016.0,4378.0
新北市,板橋區,2017.0,2880.87
新北市,板橋區,2018.0,0.0
新北市,板橋區,2019.0,1411.0
新北市,板橋區,2020.0,271.45
新北市,板橋區,2021.0,620.19
新北市,板橋區,2022.0,320.34000000000003
新北市,板橋區,2023.0,551.99
新北市,板橋區,2024.0,524.9499999999999
新北市,林口區,2010.0,0.0
新北市,林口區,2011.0,0.0
新北市,林口區,2012.0,0.0
新北市,林口區,2013.0,0.0
新北市,林口區,2014.0,0.0
新北市,林口區,2015.0,0.0
新北市,林口區,2016.0,0.0
新北市,林口區,2017.0,0.0
新北市,林口區,2018.0,0.0
新北市,林口區,2019.0,0.0
新北市,林口區,2020.0,0.0
新北市,林口區,2021.0,0.0
新北市,林口區,2022.0,0.0
新北市,林口區,2023.0,17.4
新北市,林口區,2024.0,0.0
新北市,樹林區,2010.0,0.0
新北市,樹林區,2011.0,0.0
新北市,樹林區,2012.0,958.0
新北市,樹林區,2013.0,411.0
新北市,樹林區,2014.0,24.0
新北市,樹林區,2015.0,112.0
新北市,樹林區,2016.0,234.0
新北市,樹林區,2017.0,0.0
新北市,樹林區,2018.0,0.0
新北市,樹林區,2019.0,0.0
新北市,樹林區,2020.0,0.0
新北市,樹林區,2021.0,183.92
新北市,樹林區,2022.0,0.0
新北市,樹林區,2023.0,0.0
新北市,樹林區,2024.0,2.77
新北市,永和區,2010.0,0.0
新北市,永和區,2011.0,1374.0
新北市,永和區,2012.0,4607.0
新北市,永和區,2013.0,6423.0
新北市,永和區,2014.0,5304.0
新北市,永和區,2015.0,1949.0
新北市,永和區,2016.0,1317.0
新北市,永和區,2017.0,0.0
新北市,永和區,2018.0,0.0
新北市,永和區,2019.0,818.9
新北市,永和區,2020.0,67.96000000000001
新北市,永和區,2021.0,24.06
新北市,永和區,2022.0,30.02
新北市,永和區,2023.0,21.63
新北市,永和區,2024.0,120.5
新北市,汐止區,2010.0,0.0
新北市,汐止區,2011.0,0.0
新北市,汐止區,2012.0,1993.0
新北市,汐止區,2013.0,227.0
新北市,汐止區,2014.0,485.0
新北市,汐止區,2015.0,525.0
新北市,汐止區,2016.0,856.0
新北市,汐止區,2017.0,0.0
新北市,汐止區,2018.0,0.0
新北市,汐止區,2019.0,457.2
新北市,汐止區,2020.0,7.01
新北市,汐止區,2021.0,791.8199999999999
新北市,汐止區,2022.0,134.85999999999999
新北市,汐止區,2023.0,49.64
新北市,汐止區,2024.0,0.0
新北市,泰山區,2010.0,0.0
新北市,泰山區,2011.0,0.0
新北市,泰山區,2012.0,0.0
新北市,泰山區,2013.0,0.0
新北市,泰山區,2014.0,0.0
新北市,泰山區,2015.0,770.0
新北市,泰山區,2016.0,0.0
新北市,泰山區,2017.0,182.72
新北市,泰山區,2018.0,34.81
新北市,泰山區,2019.0,0.0
新北市,泰山區,2020.0,0.0
新北市,泰山區,2021.0,0.0
新北市,泰山區,2022.0,0.0
新北市,泰山區,2023.0,0.0
新北市,泰山區,2024.0,0.0
新北市,淡水區,2010.0,0.0
新北市,淡水區,2011.0,0.0
新北市,淡水區,2012.0,0.0
新北市,淡水區,2013.0,0.0
新北市,淡水區,2014.0,862.0
新北市,淡水區,2015.0,0.0
新北市,淡水區,2016.0,0.0
新北市,淡水區,2017.0,0.0
新北市,淡水區,2018.0,138.28
新北市,淡水區,2019.0,0.0
新北市,淡水區,2020.0,0.0
新北市,淡水區,2021.0,0.0
新北市,淡水區,2022.0,0.0
新北市,淡水區,2023.0,0.0
新北市,淡水區,2024.0,0.0
新北市,深坑區,2010.0,0.0
新北市,深坑區,2011.0,0.0
新北市,深坑區,2012.0,0.0
新北市,深坑區,2013.0,0.0
新北市,深坑區,2014.0,0.0
新北市,深坑區,2015.0,1061.0
新北市,深坑區,2016.0,0.0
新北市,深坑區,2017.0,0.0
新北市,深坑區,2018.0,0.0
新北市,深坑區,2019.0,0.0
新北市,深坑區,2020.0,0.0
新北市,深坑區,2021.0,0.0
新北市,深坑區,2022.0,0.0
新北市,深坑區,2023.0,30.7
新北市,深坑區,2024.0,0.0
新北市,瑞芳區,2010.0,0.0
新北市,瑞芳區,2011.0,0.0
新北市,瑞芳區,2012.0,0.0
新北市,瑞芳區,2013.0,0.0
新北市,瑞芳區,2014.0,0.0
新北市,瑞芳區,2015.0,0.0
新北市,瑞芳區,2016.0,74.0
新北市,瑞芳區,2017.0,417.15999999999997
新北市,瑞芳區,2018.0,0.0
新北市,瑞芳區,2019.0,0.0
新北市,瑞芳區,2020.0,0.0
新北市,瑞芳區,2021.0,0.0
新北市,瑞芳區,2022.0,0.0
新北市,瑞芳區,2023.0,0.0
新北市,瑞芳區,2024.0,0.0
新北市,蘆洲區,2010.0,0.0
新北市,蘆洲區,2011.0,0.0
新北市,蘆洲區,2012.0,1097.0
新北市,蘆洲區,2013.0,2467.0
新北市,蘆洲區,2014.0,0.0
新北市,蘆洲區,2015.0,1261.0
新北市,蘆洲區,2016.0,339.0
新北市,蘆洲區,2017.0,248.44
新北市,蘆洲區,2018.0,0.0
新北市,蘆洲區,2019.0,49.39
新北市,蘆洲區,2020.0,22.04
新北市,蘆洲區,2021.0,0.0
新北市,蘆洲區,2022.0,53.39
新北市,蘆洲區,2023.0,18.57
新北市,蘆洲區,2024.0,7.8
新北市,貢寮區,2010.0,0.0
新北市,貢寮區,2011.0,0.0
新北市,貢寮區,2012.0,332.0
新北市,貢寮區,2013.0,0.0
新北市,貢寮區,2014.0,0.0
新北市,貢寮區,2015.0,0.0
新北市,貢寮區,2016.0,0.0
新北市,貢寮區,2017.0,0.0
新北市,貢寮區,2018.0,0.0
新北市,貢寮區,2019.0,0.0
新北市,貢寮區,2020.0,0.0
新北市,貢寮區,2021.0,0.0
新北市,貢寮區,2022.0,0.0
新北市,貢寮區,2023.0,0.0
新北市,貢寮區,2024.0,0.0
新北市,鶯歌區,2010.0,0.0
新北市,鶯歌區,2011.0,0.0
新北市,鶯歌區,2012.0,0.0
新北市,鶯歌區,2013.0,0.0
新北市,鶯歌區,2014.0,0.0
新北市,鶯歌區,2015.0,293.0
新北市,鶯歌區,2016.0,0.0
新北市,鶯歌區,2017.0,0.0
新北市,鶯歌區,2018.0,0.0
新北市,鶯歌區,2019.0,0.0
新北市,鶯歌區,2020.0,0.0
新北市,鶯歌區,2021.0,0.0
新北市,鶯歌區,2022.0,563.69
新北市,鶯歌區,2023.0,0.0
新北市,鶯歌區,2024.0,0.0
